Measure_ID,Measure,Type,Measure_short
H_COMP_1,Communication with Nurses,Composite Measure,Nurses
H_COMP_2,Communication with Doctors,Composite Measure,Doctors
H_COMP_3,Responsiveness of Hospital Staff,Composite Measure,Hospital Staff
H_COMP_5,Communication about Medicines,Composite Measure,Medicines
H_COMP_6,Discharge Information,Composite Measure,Discharge Info
H_COMP_7,Care Transition,Composite Measure,Care Transition
H_CLEAN_HSP,Cleanliness of Hospital Environment,Individual Item,Cleanliness
H_QUIET_HSP,Quietness of Hospital Environment,Individual Item,Quietness
H_HSP_RATING,Overall Hospital Rating,Global Item, Hospital Rating
H_RECMND,Willingness to Recommend the Hospital,Global Item,Recommendation
