﻿Release_Period,Measure_ID,Measure_short,Bottom_Box_Percentage,Middle_Box_Percentage,Top_Box_Percentage,Year
01-07-2015,H_CLEAN_HSP,Cleanliness,8,18,74,2015
01-07-2015,H_COMP_1,Nurses,4,17,79,2015
01-07-2015,H_COMP_2,Doctors,4,14,82,2015
01-07-2015,H_COMP_3,Hospital Staff,9,23,68,2015
01-07-2015,H_COMP_5,Medicines,18,17,65,2015
01-07-2015,H_COMP_6,Discharge Info,14,0,86,2015
01-07-2015,H_COMP_7,Care Transition,5,43,52,2015
01-07-2015,H_HSP_RATING, Hospital Rating,8,21,71,2015
01-07-2015,H_QUIET_HSP,Quietness,9,29,62,2015
01-07-2015,H_RECMND,Recommendation,5,24,71,2015
01-07-2016,H_CLEAN_HSP,Cleanliness,8,18,74,2016
01-07-2016,H_COMP_1,Nurses,4,16,80,2016
01-07-2016,H_COMP_2,Doctors,4,14,82,2016
01-07-2016,H_COMP_3,Hospital Staff,9,23,68,2016
01-07-2016,H_COMP_5,Medicines,18,17,65,2016
01-07-2016,H_COMP_6,Discharge Info,13,0,87,2016
01-07-2016,H_COMP_7,Care Transition,5,43,52,2016
01-07-2016,H_HSP_RATING, Hospital Rating,8,20,72,2016
01-07-2016,H_QUIET_HSP,Quietness,9,29,62,2016
01-07-2016,H_RECMND,Recommendation,5,24,71,2016
01-07-2017,H_CLEAN_HSP,Cleanliness,8,18,74,2017
01-07-2017,H_COMP_1,Nurses,4,16,80,2017
01-07-2017,H_COMP_2,Doctors,4,14,82,2017
01-07-2017,H_COMP_3,Hospital Staff,8,23,69,2017
01-07-2017,H_COMP_5,Medicines,17,18,65,2017
01-07-2017,H_COMP_6,Discharge Info,13,0,87,2017
01-07-2017,H_COMP_7,Care Transition,5,43,52,2017
01-07-2017,H_HSP_RATING, Hospital Rating,7,20,73,2017
01-07-2017,H_QUIET_HSP,Quietness,9,28,63,2017
01-07-2017,H_RECMND,Recommendation,5,23,72,2017
01-07-2018,H_CLEAN_HSP,Cleanliness,8,17,75,2018
01-07-2018,H_COMP_1,Nurses,4,16,80,2018
01-07-2018,H_COMP_2,Doctors,4,14,82,2018
01-07-2018,H_COMP_3,Hospital Staff,8,22,70,2018
01-07-2018,H_COMP_5,Medicines,17,17,66,2018
01-07-2018,H_COMP_6,Discharge Info,13,0,87,2018
01-07-2018,H_COMP_7,Care Transition,5,42,53,2018
01-07-2018,H_HSP_RATING, Hospital Rating,7,20,73,2018
01-07-2018,H_QUIET_HSP,Quietness,9,29,62,2018
01-07-2018,H_RECMND,Recommendation,5,23,72,2018
01-07-2019,H_CLEAN_HSP,Cleanliness,7,18,75,2019
01-07-2019,H_COMP_1,Nurses,4,15,81,2019
01-07-2019,H_COMP_2,Doctors,5,14,81,2019
01-07-2019,H_COMP_3,Hospital Staff,8,22,70,2019
01-07-2019,H_COMP_5,Medicines,17,17,66,2019
01-07-2019,H_COMP_6,Discharge Info,13,0,87,2019
01-07-2019,H_COMP_7,Care Transition,5,42,53,2019
01-07-2019,H_HSP_RATING, Hospital Rating,8,19,73,2019
01-07-2019,H_QUIET_HSP,Quietness,10,28,62,2019
01-07-2019,H_RECMND,Recommendation,5,23,72,2019
01-07-2020,H_CLEAN_HSP,Cleanliness,7,17,76,2020
01-07-2020,H_COMP_1,Nurses,4,15,81,2020
01-07-2020,H_COMP_2,Doctors,5,13,82,2020
01-07-2020,H_COMP_3,Hospital Staff,8,22,70,2020
01-07-2020,H_COMP_5,Medicines,17,17,66,2020
01-07-2020,H_COMP_6,Discharge Info,13,0,87,2020
01-07-2020,H_COMP_7,Care Transition,5,41,54,2020
01-07-2020,H_HSP_RATING, Hospital Rating,8,19,73,2020
01-07-2020,H_QUIET_HSP,Quietness,9,29,62,2020
01-07-2020,H_RECMND,Recommendation,5,23,72,2020
01-07-2021,H_CLEAN_HSP,Cleanliness,7,17,76,2021
01-07-2021,H_COMP_1,Nurses,4,15,81,2021
01-07-2021,H_COMP_2,Doctors,4,14,82,2021
01-07-2021,H_COMP_3,Hospital Staff,8,22,70,2021
01-07-2021,H_COMP_5,Medicines,17,17,66,2021
01-07-2021,H_COMP_6,Discharge Info,13,0,87,2021
01-07-2021,H_COMP_7,Care Transition,5,41,54,2021
01-07-2021,H_HSP_RATING, Hospital Rating,7,20,73,2021
01-07-2021,H_QUIET_HSP,Quietness,9,29,62,2021
01-07-2021,H_RECMND,Recommendation,5,23,72,2021
01-07-2022,H_CLEAN_HSP,Cleanliness,9,18,73,2022
01-07-2022,H_COMP_1,Nurses,5,15,80,2022
01-07-2022,H_COMP_2,Doctors,5,15,80,2022
01-07-2022,H_COMP_3,Hospital Staff,10,23,67,2022
01-07-2022,H_COMP_5,Medicines,19,18,63,2022
01-07-2022,H_COMP_6,Discharge Info,14,0,86,2022
01-07-2022,H_COMP_7,Care Transition,6,42,52,2022
01-07-2022,H_HSP_RATING, Hospital Rating,8,20,72,2022
01-07-2022,H_QUIET_HSP,Quietness,10,27,63,2022
01-07-2022,H_RECMND,Recommendation,6,23,71,2022
01-07-2023,H_CLEAN_HSP,Cleanliness,10,18,72,2023
01-07-2023,H_COMP_1,Nurses,5,16,79,2023
01-07-2023,H_COMP_2,Doctors,5,16,79,2023
01-07-2023,H_COMP_3,Hospital Staff,11,24,65,2023
01-07-2023,H_COMP_5,Medicines,20,19,61,2023
01-07-2023,H_COMP_6,Discharge Info,14,0,86,2023
01-07-2023,H_COMP_7,Care Transition,6,43,51,2023
01-07-2023,H_HSP_RATING, Hospital Rating,9,21,70,2023
01-07-2023,H_QUIET_HSP,Quietness,10,28,62,2023
01-07-2023,H_RECMND,Recommendation,6,25,69,2023
