Question_Num,Measure_ID,Question,Bottom_Box_Answer,Middle_Box_Answer,Top_Box_Answer
1,H_COMP_1,"During this hospital stay, how often did nurses treat you with courtesy and respect? ",Sometimes or never,Usually,Always
2,H_COMP_1,"During this hospital stay, how often did nurses listen carefully to you? ",Sometimes or never,Usually,Always
3,H_COMP_1,"During this hospital stay, how often did nurses explain things in a way you could understand? ",Sometimes or never,Usually,Always
4,H_COMP_3,"During this hospital stay, after you pressed the call button, how often did you get help as soon as you wanted it? ",Sometimes or never,Usually,Always
5,H_COMP_2,"During this hospital stay, how often did doctors treat you with courtesy and respect? ",Sometimes or never,Usually,Always
6,H_COMP_2,"During this hospital stay, how often did doctors listen carefully to you? ",Sometimes or never,Usually,Always
7,H_COMP_2,"During this hospital stay, how often did doctors explain things in a way you could understand? ",Sometimes or never,Usually,Always
8,H_CLEAN_HSP,"During this hospital stay, how often were your room and bathroom kept clean? ",Sometimes or never,Usually,Always
9,H_QUIET_HSP,"During this hospital stay, how often was the area around your room quiet at night? ",Sometimes or never,Usually,Always
10,H_COMP_3,How often did you get help in getting to the bathroom or in using a bedpan as soon as you wanted? ,Sometimes or never,Usually,Always
11,H_COMP_5,"Before giving you any new medicine, how often did hospital staff tell you what the medicine was for? ",Sometimes or never,Usually,Always
12,H_COMP_5,"Before giving you any new medicine, how often did hospital staff describe possible side effects in a way you could understand? ",Sometimes or never,Usually,Always
13,H_COMP_6,"During this hospital stay, did doctors, nurses or other hospital staff talk with you about whether you would have the help you needed when you left the hospital? ",No,,Yes
14,H_COMP_6,"During this hospital stay, did you get information in writing about what symptoms or health problems to look out for after you left the hospital? ",No,,Yes
15,H_HSP_RATING,"Using any number from 0 to 10, where 0 is the worst hospital possible and 10 is the best hospital possible, what number would you use to rate this hospital during your stay? ",0 to 6,7 or 8,9 or 10
16,H_RECMND,Would you recommend this hospital to your friends and family?,Probably no or definitely no,Probably yes,Definitely yes
17,H_COMP_7,"During this hospital stay, staff took my preferences and those of my family or caregiver into account in deciding what my health care needs would be when I left. ",Disagree or strongly disagree,Agree,Strongly Agree
18,H_COMP_7,"When I left the hospital, I had a good understanding of the things I was responsible for in managing my health. ",Disagree or strongly disagree,Agree,Strongly Agree
19,H_COMP_7,"When I left the hospital, I clearly understood the purpose for taking each of my medications. ",Disagree or strongly disagree,Agree,Strongly Agree
